<?xml version="1.0" encoding="UTF-8"?>
<project-private xmlns="http://www.netbeans.org/ns/project-private/1">
    <editor-bookmarks xmlns="http://www.netbeans.org/ns/editor-bookmarks/2" lastBookmarkId="0"/>
    <open-files xmlns="http://www.netbeans.org/ns/projectui-open-files/2">
        <group>
            <file>file:/C:/Users/DanielDC/Downloads/RegistroMaestros%20190718/RegistroMaestros/src/registromaestros/FechaHora.java</file>
            <file>file:/C:/Users/DanielDC/Downloads/RegistroMaestros%20190718/RegistroMaestros/src/registromaestros/VentanaPrincipal.java</file>
            <file>file:/C:/Users/DanielDC/Downloads/RegistroMaestros%20190718/RegistroMaestros/src/registromaestros/ListaAsistencia.java</file>
            <file>file:/C:/Users/DanielDC/Downloads/RegistroMaestros%20190718/RegistroMaestros/src/registromaestros/NuevoMaestro.java</file>
        </group>
    </open-files>
</project-private>
